problem_id,avg_accuracy,difficulty_score,std_accuracy,num_epochs
1,0.0,1.0,0.0,10
2,0.0,1.0,0.0,10
5,0.0,1.0,0.0,10
7,0.0,1.0,0.0,10
13,0.0,1.0,0.0,10
9,0.0,1.0,0.0,10
8,0.0,1.0,0.0,10
66,0.0,1.0,0.0,10
69,0.0,1.0,0.0,10
71,0.0,1.0,0.0,10
12,0.0,1.0,0.0,10
14,0.0,1.0,0.0,10
22,0.0,1.0,0.0,10
18,0.0,1.0,0.0,10
16,0.0,1.0,0.0,10
20,0.0,1.0,0.0,10
33,0.0,1.0,0.0,10
29,0.0,1.0,0.0,10
31,0.0,1.0,0.0,10
28,0.0,1.0,0.0,10
27,0.0,1.0,0.0,10
26,0.0,1.0,0.0,10
25,0.0,1.0,0.0,10
38,0.0,1.0,0.0,10
37,0.0,1.0,0.0,10
35,0.0,1.0,0.0,10
36,0.0,1.0,0.0,10
39,0.0,1.0,0.0,10
32,0.0,1.0,0.0,10
62,0.0,1.0,0.0,10
55,0.0,1.0,0.0,10
48,0.0,1.0,0.0,10
50,0.0,1.0,0.0,10
54,0.0,1.0,0.0,10
47,0.0,1.0,0.0,10
45,0.0,1.0,0.0,10
43,0.0,1.0,0.0,10
42,0.0,1.0,0.0,10
40,0.0,1.0,0.0,10
61,0.0,1.0,0.0,10
60,0.0,1.0,0.0,10
57,0.0,1.0,0.0,10
63,0.0,1.0,0.0,10
59,0.0,1.0,0.0,10
58,0.0,1.0,0.0,10
56,0.0,1.0,0.0,10
112,0.0,1.0,0.0,10
116,0.0,1.0,0.0,10
119,0.0,1.0,0.0,10
125,0.0,1.0,0.0,10
95,0.0,1.0,0.0,10
97,0.0,1.0,0.0,10
103,0.0,1.0,0.0,10
102,0.0,1.0,0.0,10
101,0.0,1.0,0.0,10
88,0.0,1.0,0.0,10
94,0.0,1.0,0.0,10
93,0.0,1.0,0.0,10
92,0.0,1.0,0.0,10
84,0.0,1.0,0.0,10
85,0.0,1.0,0.0,10
86,0.0,1.0,0.0,10
87,0.0,1.0,0.0,10
82,0.0,1.0,0.0,10
79,0.0,1.0,0.0,10
77,0.0,1.0,0.0,10
76,0.0,1.0,0.0,10
75,0.0,1.0,0.0,10
74,0.0,1.0,0.0,10
73,0.0,1.0,0.0,10
72,0.0,1.0,0.0,10
199,0.0,1.0,0.0,10
196,0.0,1.0,0.0,10
198,0.0,1.0,0.0,10
192,0.0,1.0,0.0,10
193,0.0,1.0,0.0,10
187,0.0,1.0,0.0,10
185,0.0,1.0,0.0,10
184,0.0,1.0,0.0,10
179,0.0,1.0,0.0,10
182,0.0,1.0,0.0,10
181,0.0,1.0,0.0,10
174,0.0,1.0,0.0,10
175,0.0,1.0,0.0,10
171,0.0,1.0,0.0,10
169,0.0,1.0,0.0,10
168,0.0,1.0,0.0,10
191,0.0,1.0,0.0,10
189,0.0,1.0,0.0,10
180,0.0,1.0,0.0,10
183,0.0,1.0,0.0,10
164,0.0,1.0,0.0,10
165,0.0,1.0,0.0,10
148,0.0,1.0,0.0,10
147,0.0,1.0,0.0,10
144,0.0,1.0,0.0,10
113,0.0,1.0,0.0,10
114,0.0,1.0,0.0,10
115,0.0,1.0,0.0,10
109,0.0,1.0,0.0,10
110,0.0,1.0,0.0,10
111,0.0,1.0,0.0,10
107,0.0,1.0,0.0,10
129,0.0,1.0,0.0,10
130,0.0,1.0,0.0,10
133,0.0,1.0,0.0,10
132,0.0,1.0,0.0,10
134,0.0,1.0,0.0,10
127,0.0,1.0,0.0,10
126,0.0,1.0,0.0,10
120,0.0,1.0,0.0,10
123,0.0,1.0,0.0,10
122,0.0,1.0,0.0,10
121,0.0,1.0,0.0,10
124,0.0,1.0,0.0,10
188,0.0,1.0,0.0,10
163,0.0,1.0,0.0,10
161,0.0,1.0,0.0,10
167,0.0,1.0,0.0,10
152,0.0,1.0,0.0,10
153,0.0,1.0,0.0,10
158,0.0,1.0,0.0,10
166,0.0,1.0,0.0,10
141,0.0,1.0,0.0,10
139,0.0,1.0,0.0,10
138,0.0,1.0,0.0,10
136,0.0,1.0,0.0,10
142,0.0,1.0,0.0,10
145,0.0,1.0,0.0,10
143,0.0,1.0,0.0,10
3,0.1,0.9,0.30000000000000004,10
11,0.1,0.9,0.30000000000000004,10
15,0.1,0.9,0.30000000000000004,10
6,0.1,0.9,0.30000000000000004,10
68,0.1,0.9,0.30000000000000004,10
173,0.1,0.9,0.30000000000000004,10
170,0.1,0.9,0.30000000000000004,10
178,0.1,0.9,0.30000000000000004,10
44,0.1,0.9,0.30000000000000004,10
99,0.1,0.9,0.30000000000000004,10
96,0.1,0.9,0.30000000000000004,10
83,0.1,0.9,0.30000000000000004,10
78,0.1,0.9,0.30000000000000004,10
176,0.1,0.9,0.30000000000000004,10
186,0.1,0.9,0.30000000000000004,10
149,0.1,0.9,0.30000000000000004,10
159,0.1,0.9,0.30000000000000004,10
156,0.1,0.9,0.30000000000000004,10
108,0.1,0.9,0.30000000000000004,10
64,0.1,0.9,0.30000000000000004,10
49,0.1,0.9,0.30000000000000004,10
30,0.1,0.9,0.30000000000000004,10
24,0.1,0.9,0.30000000000000004,10
41,0.1,0.9,0.30000000000000004,10
106,0.1,0.9,0.30000000000000004,10
128,0.1,0.9,0.30000000000000004,10
172,0.2,0.8,0.4000000000000001,10
80,0.2,0.8,0.4000000000000001,10
194,0.2,0.8,0.4000000000000001,10
52,0.2,0.8,0.4000000000000001,10
19,0.2,0.8,0.4000000000000001,10
89,0.2,0.8,0.4000000000000001,10
10,0.2,0.8,0.4000000000000001,10
155,0.3,0.7,0.45825756949558394,10
177,0.3,0.7,0.45825756949558405,10
51,0.4,0.6,0.4898979485566356,10
65,0.4,0.6,0.4898979485566356,10
157,0.4,0.6,0.48989794855663565,10
162,0.4,0.6,0.48989794855663565,10
81,0.4,0.6,0.4898979485566356,10
197,0.4,0.6,0.48989794855663565,10
4,0.5,0.5,0.5,10
90,0.5,0.5,0.5,10
140,0.5,0.5,0.5,10
67,0.5,0.5,0.5,10
146,0.6,0.4,0.48989794855663565,10
105,0.6,0.4,0.48989794855663565,10
21,0.6,0.4,0.48989794855663565,10
98,0.6,0.4,0.48989794855663565,10
34,0.6,0.4,0.48989794855663565,10
23,0.7,0.30000000000000004,0.45825756949558394,10
117,0.7,0.30000000000000004,0.45825756949558405,10
150,0.7,0.30000000000000004,0.45825756949558394,10
190,0.8,0.19999999999999996,0.4,10
53,0.8,0.19999999999999996,0.4,10
46,0.8,0.19999999999999996,0.4,10
17,0.8,0.19999999999999996,0.4,10
151,0.8,0.19999999999999996,0.4,10
160,0.8,0.19999999999999996,0.4,10
70,0.9,0.09999999999999998,0.30000000000000004,10
135,0.9,0.09999999999999998,0.30000000000000004,10
100,0.9,0.09999999999999998,0.3,10
118,1.0,0.0,0.0,10
104,1.0,0.0,0.0,10
91,1.0,0.0,0.0,10
131,1.0,0.0,0.0,10
137,1.0,0.0,0.0,10
154,1.0,0.0,0.0,10
195,1.0,0.0,0.0,10
